{"learning_rate":0.0005,"_timestamp":1.729680249778118e+09,"_runtime":182.247408,"_step":9,"epoch":10,"_wandb":{"runtime":182},"loss":0.1265450082719326}