{"loss":0.0714734376782305,"_timestamp":1.729679630124376e+09,"_runtime":1.1104020000000001,"_step":23,"_wandb":{"runtime":91},"acc":0.8980564891329419}