{"_timestamp":1.729679843037288e+09,"_runtime":0.552554,"_wandb":{"runtime":90},"_step":7,"acc":0.7648681262133108,"loss":0.24528948957810298,"epoch":9}