{"loss":0.1413874404315246,"_timestamp":1.729678697157593e+09,"_wandb":{"runtime":0},"_runtime":0.81251,"_step":7,"acc":0.9146970728319429}